{
    "id": "CreativeMode",
    "name": "Creative Mode",
    "version_name": "0.3",
    "version_code": 3,
    "author": "lukask97",
    "homepage": "https://github.com/lukask97/DesyncedModCreativeMode",
    "description": "A few creative functions",
    "options": "options.lua",
    "packages": {
        "Data": {
            "name": "CreativeMode",
            "entry": "creativemode.lua",
            "dependencies": [ "Main/Freeplay" ],
            "type": "Scenario"
        }
    }
}