{
    "id": "creativemode",
    "name": "Creative Mode",
    "version_name": "0.8",
    "version_code": 8,
    "author": "lukask97",
    "homepage": "https://github.com/lukask97/DesyncedModCreativeMode",
    "description": "A few creative functions",
    "options": "options.lua",
    "packages": {
        "CreativeMode": {
            "name": "Creative Mode",
            "entry": "creativemode.lua",
            "dependencies": [ "Main/Data" ],
            "type": "Scenario"
        }
    }
}